feature,mean_abs_shap
numeric__tenure,0.1361071217129559
numeric__TotalCharges,0.04260777997567718
categorical__InternetService_Fiber optic,0.030502795448619766
numeric__MonthlyCharges,0.0301861130946116
categorical__Contract_Month-to-month,0.023961465840102957
categorical__InternetService_DSL,0.02318640218872409
categorical__Contract_Two year,0.015704331701808148
categorical__PaperlessBilling_No,0.008717570649407817
categorical__StreamingMovies_Yes,0.007126011969162436
categorical__MultipleLines_No,0.0067948685583858505
categorical__StreamingTV_No internet service,0.006013919757488149
categorical__Dependents_Yes,0.005486846626959954
categorical__OnlineSecurity_No internet service,0.005362909046108346
categorical__DeviceProtection_No internet service,0.004682822173788662
categorical__TechSupport_No internet service,0.0045924789294715836
categorical__StreamingMovies_No internet service,0.004443095128456312
categorical__PaymentMethod_Electronic check,0.0044315335426461586
categorical__InternetService_No,0.004220018608721718
categorical__OnlineBackup_No internet service,0.0038388635909911385
categorical__OnlineSecurity_No,0.003673953402760699
categorical__StreamingTV_Yes,0.003369095854788778
categorical__StreamingTV_No,0.003347355077607449
categorical__gender_Female,0.003342302598740805
categorical__Partner_No,0.0031383864737951385
numeric__SeniorCitizen,0.002661939053991125
categorical__PaymentMethod_Bank transfer (automatic),0.0025104701736573197
categorical__TechSupport_No,0.002441795927606275
categorical__Partner_Yes,0.0024104572906578524
categorical__Contract_One year,0.0023739890005878327
categorical__PhoneService_Yes,0.002361051546114841
categorical__PaymentMethod_Credit card (automatic),0.0023227366965748496
categorical__gender_Male,0.002259347202703404
categorical__StreamingMovies_No,0.0022126264515569378
categorical__MultipleLines_Yes,0.0020061813080646507
categorical__PhoneService_No,0.001873158868836567
categorical__TechSupport_Yes,0.0018080273797600902
categorical__OnlineSecurity_Yes,0.0017990076843413675
categorical__PaymentMethod_Mailed check,0.0017879503283151892
categorical__OnlineBackup_No,0.0016934584311022833
categorical__Dependents_No,0.001589821230727457
categorical__DeviceProtection_No,0.0013869273905359274
categorical__DeviceProtection_Yes,0.001354302354322216
categorical__OnlineBackup_Yes,0.0013127854471877932
categorical__PaperlessBilling_Yes,0.0012284641407367062
categorical__MultipleLines_No phone service,0.0009763848303338277
